0,pos_start,pos_stop,length,p_value_dies6_rep1,p_value_dies6_rep2,p_value_disw2_rep1,p_value_disw2_rep2
-2 NS,74,154,80,1.917107251090651e-05,1.917107251090651e-05,0.009117632317817476,0.0223116232525892
-1 L,179,199,20,0.5336947142111965,0.3739447986092539,0.2860033840207056,0.6566419342620566
-1NS,224,304,80,0.001993574874540787,0.0059035816935215125,0.0007546559296229936,0.0011131909172117924
ARS315,494,574,80,0.004899132115134108,0.00885744619914799,0.007083308546595579,0.0026149379061465774
+1ns,599,679,80,2.177579162364502e-07,0.00038542647350977926,7.673660631611846e-07,1.1384168042789908e-06
+1L,704,724,20,0.08437944259396049,0.08437944259396049,0.09948088075636449,0.08437944259396049
+2ns,749,829,80,0.00016334267299142083,0.0011757411618904465,0.003796442001523569,0.0010299623781612566
prom,924,1099,175,0.6524006482776992,0.7758323136048932,0.2634353986113289,0.0934521243094314
+3ns,1129,1209,80,0.879284305885663,0.6745629021199344,0.16072881574779385,0.11795030136766972
