0,pos_start,pos_stop,length,p_value_dies6,p_value_disw2
-2 NS,74,154,80,1.251477121637082e-05,0.016128608261946495
-1 L,179,199,20,0.3739447986092539,0.47690655496758394
-1NS,224,304,80,0.0020761800723606352,0.0008601168674328123
ARS315,494,574,80,0.00563437787809996,0.0053789172658447746
+1ns,599,679,80,2.975453549843124e-06,1.3308118036635916e-06
+1L,704,724,20,0.08437944259396049,0.09948088075636449
+2ns,749,829,80,0.00024271628729537545,0.0018105737934318374
prom,924,1099,175,0.9339806377841571,0.1530187978597756
+3ns,1129,1209,80,0.9359149665170619,0.1357086529569216
